date,category,entry
01-11-2024,Work,Completed the first draft of the project proposal.
02-11-2024,Health,Visited the doctor for a routine checkup.
03-11-2024,Family,Spent the day with family at the park.
04-11-2024,Education,Attended an online course on financial management.
05-11-2024,Entertainment,Watched the latest movie at the cinema.
07-11-2024,Personal,Read a new book on personal development.
08-11-2024,Health,Went for a morning run and felt great.
09-11-2024,Family,Celebrated my sister's birthday with a surprise party.
10-11-2024,Education,Completed a coding challenge on a learning platform.
11-11-2024,Entertainment,Played video games with friends.
12-11-2024,Work,Finished the client presentation and received positive feedback.
13-11-2024,Personal,Worked on my hobby project - building a model airplane.
14-11-2024,Health,Had a yoga session to relax and unwind.
20-11-2024,Normal,"Hello diary,
Today was a normal day, nothing special."
